broj,ID,Name,Age,Photo,Nationality,Flag,Overall,Potential,Club,Club Logo,Value,Wage,Special,Preferred Foot,International Reputation,Weak Foot,Skill Moves,Work Rate,Body Type,Real Face,Position,Jersey Number,Joined,Loaned From,Contract Valid Until,Height,Weight,LS,ST,RS,LW,LF,CF,RF,RW,LAM,CAM,RAM,LM,LCM,CM,RCM,RM,LWB,LDM,CDM,RDM,RWB,LB,LCB,CB,RCB,RB,Crossing,Finishing,HeadingAccuracy,ShortPassing,Volleys,Dribbling,Curve,FKAccuracy,LongPassing,BallControl,Acceleration,SprintSpeed,Agility,Reactions,Balance,ShotPower,Jumping,Stamina,Strength,LongShots,Aggression,Interceptions,Positioning,Vision,Penalties,Composure,Marking,StandingTackle,SlidingTackle,GKDiving,GKHandling,GKKicking,GKPositioning,GKReflexes,Release Clause,
0,177003,L. Modrić,32,https://cdn.sofifa.org/players/4/19/177003.png,Croatia,https://cdn.sofifa.org/flags/10.png,91,91,Real Madrid,https://cdn.sofifa.org/teams/2/light/243.png,€67M,€420K,2280,Right,4,4,4,High/ High,Lean,Yes,RCM,10,1-Aug-12,,2020,5'8,146lbs,77,77,77,85,84,84,84,85,87,87,87,86,88,88,88,86,82,81,81,81,82,79,71,71,71,79,86,72,55,93,76,90,85,78,88,93,80,72,93,90,94,79,68,89,58,82,62,83,79,92,82,84,60,76,73,13,9,7,14,9,€137.4M,
1,168651,I. Rakitić,30,https://cdn.sofifa.org/players/4/19/168651.png,Croatia,https://cdn.sofifa.org/flags/10.png,87,87,FC Barcelona,https://cdn.sofifa.org/teams/2/light/241.png,€46.5M,€260K,2184,Right,4,3,3,High/ High,Normal,Yes,RCM,4,1-Jul-14,,2021,6'0,172lbs,77,77,77,80,81,81,81,80,82,82,82,81,84,84,84,81,77,79,79,79,77,75,70,70,70,75,84,83,58,87,80,84,88,84,90,87,66,59,72,77,66,84,39,84,66,90,67,75,79,86,82,81,72,74,70,14,11,12,5,9,€95.3M,
2,181458,I. Perišić,29,https://cdn.sofifa.org/players/4/19/181458.png,Croatia,https://cdn.sofifa.org/flags/10.png,85,85,Inter,https://cdn.sofifa.org/teams/2/light/44.png,€37.5M,€110K,2199,Right,3,5,4,Medium/ Medium,Lean,Yes,LM,44,1-Sep-15,,2022,6'1,176lbs,82,82,82,82,82,82,82,82,81,81,81,83,79,79,79,83,75,72,72,72,75,72,68,68,68,72,83,79,80,81,81,84,73,75,77,85,84,88,78,81,74,84,84,89,78,79,65,69,85,79,76,80,64,52,54,6,7,10,9,6,€63.8M,
3,181783,M. Mandžukić,32,https://cdn.sofifa.org/players/4/19/181783.png,Croatia,https://cdn.sofifa.org/flags/10.png,84,84,Juventus,https://cdn.sofifa.org/teams/2/light/45.png,€25M,€160K,2106,Right,3,3,3,High/ High,Lean,Yes,ST,17,1-Jul-15,,2020,6'3,187lbs,81,81,81,76,78,78,78,76,76,76,76,76,75,75,75,76,71,72,72,72,71,71,72,72,72,71,72,84,90,75,86,76,64,49,67,77,67,73,67,86,53,80,85,83,85,60,88,66,90,74,76,80,59,64,64,10,8,5,8,15,€41.3M,
4,207410,M. Kovačić,24,https://cdn.sofifa.org/players/4/19/207410.png,Croatia,https://cdn.sofifa.org/flags/10.png,83,89,Chelsea,https://cdn.sofifa.org/teams/2/light/5.png,€35M,€165K,2115,Right,3,4,4,High/ High,Normal,Yes,LCM,17,,Real Madrid,30-Jun-19,5'9,172lbs,71,71,71,79,78,78,78,79,81,81,81,80,82,82,82,80,76,78,78,78,76,74,69,69,69,74,73,62,42,87,76,88,78,68,82,89,84,74,81,70,85,79,63,82,65,75,77,78,69,88,59,72,69,75,63,9,5,6,7,7,,
5,192593,D. Subašić,33,https://cdn.sofifa.org/players/4/19/192593.png,Croatia,https://cdn.sofifa.org/flags/10.png,83,83,AS Monaco,https://cdn.sofifa.org/teams/2/light/69.png,€13M,€70K,1284,Right,3,2,1,Medium/ Medium,Normal,No,GK,1,24-Jan-12,,2020,6'3,185lbs,,,,,,,,,,,,,,,,,,,,,,,,,,,11,10,13,24,13,11,24,57,26,19,51,54,42,78,37,24,75,32,80,14,31,20,15,52,23,65,14,14,13,82,80,79,82,84,€24.7M,
6,216354,A. Kramarić,27,https://cdn.sofifa.org/players/4/19/216354.png,Croatia,https://cdn.sofifa.org/flags/10.png,82,83,TSG 1899 Hoffenheim,https://cdn.sofifa.org/teams/2/light/10029.png,€26M,€54K,2013,Right,2,4,4,Medium/ Medium,Normal,Yes,LCM,27,16-Jan-15,,2022,5'10,161lbs,80,80,80,81,81,81,81,81,79,79,79,78,70,70,70,78,58,53,53,53,58,53,47,47,47,53,75,86,69,79,84,87,79,74,53,86,78,72,82,81,82,82,69,76,68,80,73,21,84,66,88,79,35,20,26,8,14,14,7,15,€46.2M,
7,181786,V. Ćorluka,32,https://cdn.sofifa.org/players/4/19/181786.png,Croatia,https://cdn.sofifa.org/flags/10.png,82,82,Lokomotiv Moscow,https://cdn.sofifa.org/teams/2/light/100765.png,€12.5M,€1K,1909,Right,3,3,3,High/ Medium,Normal,No,LCB,14,27-Jun-12,,2020,6'4,185lbs,61,61,61,61,61,61,61,61,62,62,62,64,68,68,68,64,74,76,76,76,74,75,79,79,79,75,68,44,83,70,38,65,69,60,72,73,49,65,57,77,46,64,81,80,86,50,81,77,45,60,49,78,79,83,82,15,9,12,14,6,€26.3M,
8,216352,M. Brozović,25,https://cdn.sofifa.org/players/4/19/216352.png,Croatia,https://cdn.sofifa.org/flags/10.png,81,84,Inter,https://cdn.sofifa.org/teams/2/light/44.png,€18.5M,€64K,2149,Right,2,4,3,Medium/ Medium,Lean,Yes,LDM,77,1-Jul-16,,2022,5'11,150lbs,73,73,73,76,76,76,76,76,78,78,78,77,80,80,80,77,77,79,79,79,77,76,74,74,74,76,72,69,62,83,65,81,79,74,83,83,69,70,74,77,74,80,68,84,66,81,79,81,69,80,69,78,75,77,75,8,8,15,11,8,€32.8M,
9,203890,S. Vrsaljko,26,https://cdn.sofifa.org/players/4/19/203890.png,Croatia,https://cdn.sofifa.org/flags/10.png,81,84,Inter,https://cdn.sofifa.org/teams/2/light/44.png,€18M,€57K,2069,Right,2,3,3,High/ Medium,Lean,No,RB,2,,Atlético Madrid,30-Jun-19,5'11,168lbs,67,67,67,71,70,70,70,71,70,70,70,74,73,73,73,74,79,77,77,77,79,79,77,77,77,79,82,44,73,77,53,74,70,57,70,79,82,79,67,77,72,75,85,90,73,58,75,79,65,68,52,67,77,81,77,15,11,10,10,12,,
10,195086,D. Lovren,28,https://cdn.sofifa.org/players/4/19/195086.png,Croatia,https://cdn.sofifa.org/flags/10.png,81,82,Liverpool,https://cdn.sofifa.org/teams/2/light/9.png,€16M,€115K,1726,Right,2,4,2,Medium/ High,Normal,Yes,RCB,6,27-Jul-14,,2021,6'2,185lbs,54,54,54,54,54,54,54,54,56,56,56,58,62,62,62,58,71,74,74,74,71,72,79,79,79,72,59,33,80,69,42,63,26,18,66,67,54,55,50,75,41,63,81,68,82,34,87,81,21,56,52,70,77,83,85,14,14,13,10,7,€31.6M,
11,201144,M. Badelj,29,https://cdn.sofifa.org/players/4/19/201144.png,Croatia,https://cdn.sofifa.org/flags/10.png,80,80,Lazio,https://cdn.sofifa.org/teams/2/light/46.png,€11.5M,€53K,2017,Right,2,4,3,Medium/ Medium,Lean,No,CDM,25,1-Aug-18,,2022,6'1,176lbs,67,67,67,69,70,70,70,69,73,73,73,71,77,77,77,71,75,79,79,79,75,74,75,75,75,74,69,54,66,82,66,72,64,58,82,80,55,56,68,78,64,72,58,79,71,74,76,80,62,78,68,72,79,78,76,8,9,14,15,6,€19.6M,
12,199206,D. Vida,29,https://cdn.sofifa.org/players/4/19/199206.png,Croatia,https://cdn.sofifa.org/flags/10.png,80,80,Beşiktaş JK,https://cdn.sofifa.org/teams/2/light/327.png,€11.5M,€55K,1816,Right,3,3,2,Medium/ High,Lean,No,LCB,24,3-Jan-18,,2022,6'0,168lbs,57,57,57,58,56,56,56,58,56,56,56,61,61,61,61,61,74,73,73,73,74,76,79,79,79,76,65,41,79,66,36,53,44,35,60,66,70,80,64,75,63,54,79,76,77,22,83,81,43,50,51,75,85,79,83,16,13,10,9,8,€21.9M,
13,139997,D. Srna,36,https://cdn.sofifa.org/players/4/19/139997.png,Croatia,https://cdn.sofifa.org/flags/10.png,80,80,Cagliari,https://cdn.sofifa.org/teams/2/light/1842.png,€1.7M,€27K,2204,Right,3,4,3,High/ High,Normal,No,RB,33,22-Aug-18,,2019,5'10,172lbs,74,74,74,77,77,77,77,77,79,79,79,78,81,81,81,78,79,81,81,81,79,78,76,76,76,78,85,69,60,85,72,72,86,83,87,83,69,76,71,78,65,83,67,74,72,77,83,85,76,86,84,81,77,78,77,10,10,6,6,12,€2.9M,
14,220018,A. Rebić,24,https://cdn.sofifa.org/players/4/19/220018.png,Croatia,https://cdn.sofifa.org/flags/10.png,79,82,Eintracht Frankfurt,https://cdn.sofifa.org/teams/2/light/1824.png,€16M,€39K,1987,Right,1,3,3,High/ Medium,Normal,No,CAM,4,20-Dec-17,,2022,6'1,172lbs,78,78,78,77,77,77,77,77,75,75,75,76,69,69,69,76,59,57,57,57,59,56,53,53,53,56,74,79,71,72,83,83,75,58,57,79,83,86,75,77,66,81,66,80,83,78,84,29,75,68,63,73,20,50,25,13,15,12,13,14,€28.4M,
15,185431,N. Kalinić,30,https://cdn.sofifa.org/players/4/19/185431.png,Croatia,https://cdn.sofifa.org/flags/10.png,79,79,Atlético Madrid,https://cdn.sofifa.org/teams/2/light/240.png,€12M,€60K,1868,Right,3,4,3,High/ High,Lean,No,ST,9,9-Aug-18,,2021,6'2,176lbs,77,77,77,73,75,75,75,73,72,72,72,72,66,66,66,72,57,56,56,56,57,55,54,54,54,55,60,83,78,72,75,73,64,54,48,78,67,73,69,78,58,76,68,71,77,60,68,42,87,66,70,78,46,32,28,9,11,9,11,7,€24.6M,
16,230988,F. Krovinović,22,https://cdn.sofifa.org/players/4/19/230988.png,Croatia,https://cdn.sofifa.org/flags/10.png,78,84,SL Benfica,https://cdn.sofifa.org/teams/2/light/234.png,€14M,€12K,1962,Right,1,4,4,High/ Medium,Normal,No,CAM,20,1-Jul-17,,2022,5'10,154lbs,70,70,70,74,74,74,74,74,76,76,76,74,76,76,76,74,68,70,70,70,68,65,62,62,62,65,65,64,54,80,64,79,76,55,78,81,68,69,76,74,75,78,54,71,60,72,68,70,74,80,62,82,61,57,50,13,7,11,5,11,€30.8M,
17,220932,L. Kalinić,28,https://cdn.sofifa.org/players/4/19/220932.png,Croatia,https://cdn.sofifa.org/flags/10.png,76,78,KAA Gent,https://cdn.sofifa.org/teams/2/light/674.png,€6.5M,€17K,1076,Left,1,2,1,Medium/ Medium,Lean,No,GK,91,1-Jan-17,,2021,6'7,218lbs,,,,,,,,,,,,,,,,,,,,,,,,,,,15,12,15,18,15,11,18,13,16,15,30,39,26,71,22,25,58,31,73,19,39,23,7,42,22,58,13,17,17,81,75,42,76,80,€10.2M,
18,216349,A. Halilović,22,https://cdn.sofifa.org/players/4/19/216349.png,Croatia,https://cdn.sofifa.org/flags/10.png,76,83,Milan,https://cdn.sofifa.org/teams/2/light/47.png,€11M,€61K,1866,Left,1,3,4,High/ Low,Lean,No,RM,77,7-Jul-18,,2021,5'7,152lbs,63,63,63,75,73,73,73,75,76,76,76,75,72,72,72,75,63,60,60,60,63,58,46,46,46,58,76,58,24,80,64,79,80,69,70,81,78,74,78,74,88,64,54,68,32,72,40,54,70,80,75,72,60,36,28,15,11,11,13,10,€20.9M,
19,205855,M. Livaja,24,https://cdn.sofifa.org/players/4/19/205855.png,Croatia,https://cdn.sofifa.org/flags/10.png,76,80,AEK Athens,https://cdn.sofifa.org/teams/2/light/278.png,€10M,€1K,1808,Right,1,5,3,High/ Medium,Normal,No,CAM,10,29-Jun-18,,2021,6'0,192lbs,75,75,75,71,75,75,75,71,72,72,72,70,64,64,64,70,51,52,52,52,51,48,49,49,49,48,46,76,73,74,67,77,59,46,39,79,72,76,62,75,61,80,78,68,77,62,88,25,74,72,62,72,39,22,16,15,9,12,15,12,€22.8M,
20,223273,M. Pašalić,23,https://cdn.sofifa.org/players/4/19/223273.png,Croatia,https://cdn.sofifa.org/flags/10.png,76,83,Atalanta,https://cdn.sofifa.org/teams/2/light/39.png,€10.5M,€71K,2018,Right,1,4,4,High/ High,Lean,No,RCM,88,,Chelsea,30-Jun-19,6'2,183lbs,71,71,71,72,73,73,73,72,73,73,73,72,75,75,75,72,71,73,73,73,71,69,70,70,70,69,68,66,65,78,69,77,69,59,74,79,60,66,69,74,54,77,69,78,78,75,76,72,70,74,61,74,61,72,64,11,13,13,13,14,,
21,244269,F. Benković,20,https://cdn.sofifa.org/players/4/19/244269.png,Croatia,https://cdn.sofifa.org/flags/10.png,76,85,Celtic,https://cdn.sofifa.org/teams/2/light/78.png,€10.5M,€37K,1572,Right,1,3,2,Medium/ Medium,Normal,No,LCB,32,,Leicester City,30-Jun-19,6'4,201lbs,50,50,50,48,50,50,50,48,51,51,51,52,57,57,57,52,64,69,69,69,64,66,74,74,74,66,28,25,76,64,19,50,18,26,60,58,61,66,50,70,44,48,76,73,86,22,82,75,34,49,42,70,73,75,75,15,8,6,10,8,,
22,215930,T. Jedvaj,22,https://cdn.sofifa.org/players/4/19/215930.png,Croatia,https://cdn.sofifa.org/flags/10.png,76,83,Bayer 04 Leverkusen,https://cdn.sofifa.org/teams/2/light/32.png,€9.5M,€40K,1812,Right,2,3,2,Medium/ Medium,Normal,No,LB,16,12-Jul-13,,2023,6'0,181lbs,61,61,61,60,58,58,58,60,58,58,58,61,60,60,60,61,70,69,69,69,70,71,74,74,74,71,67,51,74,68,43,60,45,30,60,66,71,68,67,69,66,65,82,69,75,39,83,75,49,39,44,66,74,76,77,15,13,10,10,12,€18.1M,
23,208017,I. Santini,29,https://cdn.sofifa.org/players/4/19/208017.png,Croatia,https://cdn.sofifa.org/flags/10.png,76,76,RSC Anderlecht,https://cdn.sofifa.org/teams/2/light/229.png,€7.5M,€23K,1777,Right,1,4,3,High/ Medium,Normal,No,ST,19,3-Jul-18,,2021,6'2,196lbs,74,74,74,64,70,70,70,64,67,67,67,63,64,64,64,63,51,55,55,55,51,49,54,54,54,49,33,81,84,69,76,68,39,66,44,72,50,47,47,75,43,80,74,81,90,74,78,40,76,62,77,73,35,35,25,10,9,11,11,15,€11.3M,
24,234711,J. Brekalo,20,https://cdn.sofifa.org/players/4/19/234711.png,Croatia,https://cdn.sofifa.org/flags/10.png,76,84,VfL Wolfsburg,https://cdn.sofifa.org/teams/2/light/175.png,€11.5M,€33K,1801,Right,1,3,4,Medium/ Medium,Lean,No,LW,7,1-Jul-16,,2023,5'9,154lbs,68,68,68,75,73,73,73,75,73,73,73,74,66,66,66,74,59,53,53,53,59,55,44,44,44,55,74,63,45,73,62,84,67,60,59,79,86,79,86,76,82,70,63,66,49,65,38,30,68,69,59,68,43,28,37,9,7,5,6,14,€21.9M,
25,229593,M. Pjaca,23,https://cdn.sofifa.org/players/4/19/229593.png,Croatia,https://cdn.sofifa.org/flags/10.png,76,83,Fiorentina,https://cdn.sofifa.org/teams/2/light/110374.png,€11M,€75K,1937,Right,2,4,3,High/ Medium,Normal,No,LW,10,,Juventus,30-Jun-19,6'1,183lbs,71,71,71,75,74,74,74,75,74,74,74,75,70,70,70,75,61,58,58,58,61,57,52,52,52,57,76,61,68,77,72,86,82,72,67,87,79,78,79,68,75,76,68,73,75,72,50,30,62,68,72,70,41,42,34,11,5,10,9,12,,
26,229594,A. Ćorić,21,https://cdn.sofifa.org/players/4/19/229594.png,Croatia,https://cdn.sofifa.org/flags/10.png,76,88,Roma,https://cdn.sofifa.org/teams/2/light/52.png,€14M,€38K,1795,Right,1,4,4,Medium/ Low,Lean,No,CAM,19,1-Jul-18,,2023,5'9,130lbs,66,66,66,74,72,72,72,74,74,74,74,74,69,69,69,74,57,54,54,54,57,52,41,41,41,52,73,64,34,74,56,80,67,71,66,81,78,66,82,71,84,68,55,73,49,71,41,27,70,77,58,78,44,31,24,15,10,14,14,7,€26.6M,
27,236311,M. Rog,22,https://cdn.sofifa.org/players/4/19/236311.png,Croatia,https://cdn.sofifa.org/flags/10.png,75,81,Napoli,https://cdn.sofifa.org/teams/2/light/48.png,€9M,€43K,1953,Right,2,3,3,High/ Medium,Normal,No,CM,30,18-Jul-17,,2021,5'11,161lbs,67,67,67,74,72,72,72,74,74,74,74,74,74,74,74,74,70,70,70,70,70,68,65,65,65,68,75,62,47,82,65,80,64,57,78,78,78,75,63,72,67,70,48,64,68,74,74,58,62,76,60,76,64,68,66,6,15,12,13,12,€17.1M,
28,241095,N. Vlašić,20,https://cdn.sofifa.org/players/4/19/241095.png,Croatia,https://cdn.sofifa.org/flags/10.png,75,84,PFC CSKA Moscow,https://cdn.sofifa.org/teams/2/light/315.png,€10.5M,€1K,1886,Right,1,4,3,Medium/ Medium,Normal,No,LCM,8,31-Aug-17,,2022,5'10,174lbs,69,69,69,74,73,73,73,74,73,73,73,73,69,69,69,73,61,59,59,59,61,58,53,53,53,58,69,68,51,75,66,83,62,58,67,76,77,80,78,73,74,73,55,71,66,69,63,26,64,72,66,66,54,55,37,6,14,15,9,14,€25.2M,
29,216356,J. Pivarić,29,https://cdn.sofifa.org/players/4/19/216356.png,Croatia,https://cdn.sofifa.org/flags/10.png,74,74,Dynamo Kyiv,https://cdn.sofifa.org/teams/2/light/101047.png,€4.3M,€1K,1918,Left,1,3,3,High/ Medium,Lean,No,LB,23,8-Aug-17,,2020,5'9,152lbs,65,65,65,70,68,68,68,70,67,67,67,71,68,68,68,71,74,70,70,70,74,73,66,66,66,73,80,58,44,74,29,71,68,71,68,72,78,75,68,79,71,70,64,77,61,64,55,72,68,50,59,65,73,69,73,9,8,12,15,13,€8.9M,
30,215886,D. Kreilach,29,https://cdn.sofifa.org/players/4/19/215886.png,Croatia,https://cdn.sofifa.org/flags/10.png,74,74,Real Salt Lake,https://cdn.sofifa.org/teams/2/light/111065.png,€5.5M,€8K,2005,Right,1,3,3,High/ Medium,Normal,No,ST,6,8-Feb-18,,2023,6'1,172lbs,72,72,72,68,71,71,71,68,71,71,71,69,72,72,72,69,67,71,71,71,67,66,69,69,69,66,56,72,72,73,56,72,68,76,73,71,57,54,65,79,62,78,85,91,83,76,74,64,73,69,64,71,67,66,57,14,8,8,9,13,€8.3M,
31,201139,I. Strinić,30,https://cdn.sofifa.org/players/4/19/201139.png,Croatia,https://cdn.sofifa.org/flags/10.png,74,74,Milan,https://cdn.sofifa.org/teams/2/light/47.png,€4.1M,€56K,1936,Left,2,4,3,Medium/ Medium,Lean,No,LB,23,2-Jul-18,,2021,6'1,172lbs,64,64,64,67,65,65,65,67,66,66,66,68,68,68,68,68,73,72,72,72,73,72,72,72,72,72,76,48,60,70,50,70,62,55,66,74,68,68,69,70,71,68,69,73,75,60,72,76,66,58,61,68,76,76,74,10,8,14,13,10,€6.9M,
32,212449,M. Pavlović,28,https://cdn.sofifa.org/players/4/19/212449.png,Croatia,https://cdn.sofifa.org/flags/10.png,74,75,Angers SCO,https://cdn.sofifa.org/teams/2/light/1530.png,€5M,€20K,1681,Right,1,3,2,High/ Medium,Normal,No,CB,4,19-Jun-16,,2020,6'5,207lbs,63,63,63,53,57,57,57,53,54,54,54,53,58,58,58,53,59,66,66,66,59,61,72,72,72,61,37,67,77,63,43,49,57,50,54,68,32,30,33,64,34,68,78,65,92,58,82,64,68,34,42,70,71,74,73,8,9,12,15,10,€10.4M,
33,225263,D. Ćaleta-Car,21,https://cdn.sofifa.org/players/4/19/225263.png,Croatia,https://cdn.sofifa.org/flags/10.png,74,81,Olympique de Marseille,https://cdn.sofifa.org/teams/2/light/219.png,€7M,€23K,1618,Right,1,3,2,Medium/ Medium,Normal,No,CB,15,20-Jul-18,,2023,6'4,196lbs,55,55,55,52,54,54,54,52,54,54,54,54,57,57,57,54,63,66,66,66,63,65,72,72,72,65,28,32,73,64,32,54,28,31,47,58,63,67,47,66,61,48,75,75,84,35,72,69,60,45,38,66,73,76,73,8,9,9,10,8,€14.7M,
34,231007,J. Mišić,24,https://cdn.sofifa.org/players/4/19/231007.png,Croatia,https://cdn.sofifa.org/flags/10.png,73,78,Sporting CP,https://cdn.sofifa.org/teams/2/light/237.png,€5.5M,€9K,1936,Right,1,3,2,Medium/ High,Normal,No,CM,27,6-Jan-18,,2023,6'2,165lbs,68,68,68,69,70,70,70,69,72,72,72,69,72,72,72,69,64,69,69,69,64,63,65,65,65,63,50,62,58,76,66,74,68,77,75,76,65,67,69,72,65,72,74,65,75,72,63,66,67,74,64,74,63,65,51,7,13,8,12,5,€11.4M,
35,237209,M. Mitrović,24,https://cdn.sofifa.org/players/4/19/237209.png,Croatia,https://cdn.sofifa.org/flags/10.png,73,78,Club Brugge KV,https://cdn.sofifa.org/teams/2/light/231.png,€4.5M,€14K,1699,Right,1,2,2,Low/ High,Stocky,No,CB,15,20-Jul-18,,2022,6'2,187lbs,58,58,58,55,55,55,55,55,56,56,56,57,61,61,61,57,65,69,69,69,65,66,72,72,72,66,56,44,76,66,42,59,39,37,68,64,52,51,52,68,42,68,53,71,82,48,76,70,44,44,60,60,72,76,71,13,9,10,7,9,€7.1M,
36,218341,J. Elez,24,https://cdn.sofifa.org/players/4/19/218341.png,Croatia,https://cdn.sofifa.org/flags/10.png,73,77,Hannover 96,https://cdn.sofifa.org/teams/2/light/485.png,€4.4M,€20K,1814,Right,1,3,2,Medium/ High,Normal,No,LCB,2,1-Jul-18,,2021,6'2,192lbs,63,63,63,60,62,62,62,60,63,63,63,61,65,65,65,61,65,69,69,69,65,66,71,71,71,66,45,52,68,73,42,62,46,62,63,68,65,60,51,69,47,74,68,65,81,65,70,71,52,59,72,63,74,73,68,9,10,9,13,8,€8.3M,
37,240899,J. Filipović,25,https://cdn.sofifa.org/players/4/19/240899.png,Croatia,https://cdn.sofifa.org/flags/10.png,72,75,Sporting Lokeren,https://cdn.sofifa.org/teams/2/light/2007.png,€3.3M,€10K,1473,Right,1,4,2,High/ Medium,Lean,No,RCB,32,21-Aug-17,,2020,6'3,187lbs,45,45,45,42,42,42,42,42,43,43,43,45,50,50,50,45,60,65,65,65,60,64,71,71,71,64,31,22,73,59,23,32,24,28,57,59,67,55,55,68,47,42,62,64,77,27,77,75,24,23,33,62,74,72,69,12,14,7,10,11,€5.2M,
38,241671,D. Livaković,22,https://cdn.sofifa.org/players/4/19/241671.png,Croatia,https://cdn.sofifa.org/flags/10.png,72,80,Dinamo Zagreb,https://cdn.sofifa.org/teams/2/light/211.png,€3.4M,€1K,1002,Right,1,2,1,Medium/ Medium,Normal,No,GK,40,31-Aug-15,,2022,6'2,174lbs,,,,,,,,,,,,,,,,,,,,,,,,,,,13,12,13,19,10,12,12,11,18,18,21,32,37,66,30,21,44,18,51,9,26,10,11,60,15,25,17,20,21,72,67,69,76,71,€8.2M,
39,219469,S. Perica,22,https://cdn.sofifa.org/players/4/19/219469.png,Croatia,https://cdn.sofifa.org/flags/10.png,72,77,Frosinone,https://cdn.sofifa.org/teams/2/light/111657.png,€4.2M,€18K,1631,Right,1,2,3,Medium/ Medium,Lean,No,ST,11,,Udinese,30-Jun-19,6'4,176lbs,70,70,70,64,67,67,67,64,62,62,62,62,55,55,55,62,46,44,44,44,46,44,44,44,44,44,44,72,76,58,66,66,44,44,38,68,68,67,58,70,44,74,72,64,76,58,66,26,77,50,62,68,20,22,18,10,15,15,9,14,,
40,243538,K. Letica,21,https://cdn.sofifa.org/players/4/19/243538.png,Croatia,https://cdn.sofifa.org/flags/10.png,72,80,Club Brugge KV,https://cdn.sofifa.org/teams/2/light/231.png,€3.5M,€8K,984,Right,1,3,1,Medium/ Medium,Normal,No,GK,1,1-Jul-18,,2022,6'7,212lbs,,,,,,,,,,,,,,,,,,,,,,,,,,,13,5,10,29,9,14,13,12,28,17,30,34,31,67,27,23,47,18,71,6,24,11,6,36,17,22,11,12,12,78,63,64,73,73,€5.9M,
41,189536,D. Čop,28,https://cdn.sofifa.org/players/4/19/189536.png,Croatia,https://cdn.sofifa.org/flags/10.png,72,72,Real Valladolid CF,https://cdn.sofifa.org/teams/2/light/462.png,€3.2M,€14K,1818,Right,1,3,3,High/ Medium,Lean,No,ST,20,,Standard de Liège,30-Jun-19,6'0,161lbs,70,70,70,68,70,70,70,68,69,69,69,67,65,65,65,67,52,52,52,52,52,49,46,46,46,49,58,74,68,69,75,68,74,75,57,73,66,50,66,73,59,70,65,73,68,72,59,32,78,66,78,71,27,30,30,12,12,16,13,12,,
42,226518,A. Milić,24,https://cdn.sofifa.org/players/4/19/226518.png,Croatia,https://cdn.sofifa.org/flags/10.png,72,77,RSC Anderlecht,https://cdn.sofifa.org/teams/2/light/229.png,€3.5M,€11K,1693,Left,1,3,2,Medium/ Medium,Normal,No,LB,44,1-Jul-18,,2021,6'2,187lbs,53,53,53,52,53,53,53,52,54,54,54,56,61,61,61,56,66,69,69,69,66,67,71,71,71,67,65,34,76,67,37,49,68,71,69,62,42,53,42,69,44,57,45,72,77,42,74,72,45,54,43,62,72,74,70,11,8,8,11,10,€5.6M,
43,208099,I. Runje,27,https://cdn.sofifa.org/players/4/19/208099.png,Croatia,https://cdn.sofifa.org/flags/10.png,72,72,Jagiellonia Białystok,https://cdn.sofifa.org/teams/2/light/110745.png,€2.6M,€7K,1436,Right,1,2,2,Medium/ Medium,Normal,No,RCB,17,13-Jun-16,,2019,6'4,183lbs,44,44,44,40,41,41,41,40,44,44,44,44,53,53,53,44,59,66,66,66,59,62,70,70,70,62,35,15,71,66,19,24,24,22,61,54,40,50,51,60,39,46,54,68,90,24,67,73,38,41,35,63,73,72,69,7,11,15,16,6,€3.5M,
44,182763,N. Jelavić,32,https://cdn.sofifa.org/players/4/19/182763.png,Croatia,https://cdn.sofifa.org/flags/10.png,72,72,Guizhou Hengfeng FC,https://cdn.sofifa.org/teams/2/light/112977.png,€2.5M,€13K,1778,Right,2,4,3,Medium/ Low,Normal,Yes,RS,11,31-Jan-18,,2020,6'2,194lbs,71,71,71,65,68,68,68,65,66,66,66,66,65,65,65,66,53,55,55,55,53,50,51,51,51,50,66,74,82,67,69,71,65,77,62,73,31,52,33,72,53,74,58,77,80,70,78,39,73,65,81,77,27,33,31,6,12,8,12,7,€5.3M,
45,221174,M. Oršić,25,https://cdn.sofifa.org/players/4/19/221174.png,Croatia,https://cdn.sofifa.org/flags/10.png,72,74,Dinamo Zagreb,https://cdn.sofifa.org/teams/2/light/211.png,€3.8M,€1K,1822,Right,2,4,3,High/ Medium,Normal,No,LM,99,1-Jul-18,,2022,5'10,152lbs,68,68,68,72,70,70,70,72,70,70,70,71,63,63,63,71,55,50,50,50,55,51,41,41,41,51,69,72,41,67,68,73,72,72,67,70,84,90,85,65,87,75,54,65,59,68,40,29,71,64,68,74,27,33,31,8,13,6,15,14,€8.6M,
46,224506,M. Šitum,26,https://cdn.sofifa.org/players/4/19/224506.png,Croatia,https://cdn.sofifa.org/flags/10.png,72,73,Dinamo Zagreb,https://cdn.sofifa.org/teams/2/light/211.png,€3.7M,€1K,1705,Right,1,3,3,High/ Low,Lean,No,LM,16,10-Jan-11,,2020,5'10,168lbs,65,65,65,70,69,69,69,70,70,70,70,71,67,67,67,71,58,54,54,54,58,55,44,44,44,55,74,64,56,72,46,68,58,41,68,73,74,71,74,75,68,62,52,72,56,60,30,39,69,72,59,61,23,39,34,13,14,6,12,11,€8.3M,
47,233223,P. Brlek,24,https://cdn.sofifa.org/players/4/19/233223.png,Croatia,https://cdn.sofifa.org/flags/10.png,71,76,FC Lugano,https://cdn.sofifa.org/teams/2/light/10032.png,€3.1M,€10K,1875,Right,1,3,3,High/ Medium,Normal,No,CM,20,,Genoa,30-Jun-19,5'11,163lbs,66,66,66,68,69,69,69,68,70,70,70,68,69,69,69,68,63,64,64,64,63,62,60,60,60,62,57,63,53,72,57,69,62,57,68,72,78,68,78,63,63,66,59,70,69,70,65,66,72,73,66,68,34,66,60,14,9,6,15,15,,
48,241672,M. Lešković,27,https://cdn.sofifa.org/players/4/19/241672.png,Croatia,https://cdn.sofifa.org/flags/10.png,71,73,Dinamo Zagreb,https://cdn.sofifa.org/teams/2/light/211.png,€2.3M,€1K,1374,Right,1,3,2,Medium/ Medium,Normal,No,CB,31,23-Jul-16,,2021,6'2,190lbs,42,42,42,37,38,38,38,37,37,37,37,38,41,41,41,38,57,58,58,58,57,61,70,70,70,61,21,22,74,53,21,21,29,23,21,43,62,67,46,69,49,32,66,58,77,22,73,68,26,25,32,61,70,75,74,13,11,6,10,15,€5.3M,
49,228124,M. Jonjić,27,https://cdn.sofifa.org/players/4/19/228124.png,Croatia,https://cdn.sofifa.org/flags/10.png,71,73,Cerezo Osaka,https://cdn.sofifa.org/teams/2/light/101148.png,€2.3M,€6K,1554,Right,1,3,2,Medium/ High,Normal,No,RCB,22,6-Jan-17,,2023,6'2,183lbs,53,53,53,50,49,49,49,50,49,49,49,51,52,52,52,51,62,63,63,63,62,65,70,70,70,65,38,47,77,57,33,45,29,25,53,48,65,71,62,71,34,38,73,69,80,40,57,70,39,35,34,58,71,74,71,8,11,15,6,8,€3.1M,
50,244261,L. Majer,20,https://cdn.sofifa.org/players/4/19/244261.png,Croatia,https://cdn.sofifa.org/flags/10.png,71,83,Dinamo Zagreb,https://cdn.sofifa.org/teams/2/light/211.png,€4.2M,€1K,1711,Left,1,4,4,Medium/ Medium,Normal,No,CAM,10,1-Jul-18,,2023,5'10,165lbs,64,64,64,69,69,69,69,69,70,70,70,69,64,64,64,69,52,49,49,49,52,48,40,40,40,48,64,68,42,69,58,74,73,72,68,74,78,68,72,66,72,70,50,54,48,63,46,22,63,73,67,71,31,26,36,9,12,12,5,6,€10.2M,
51,239148,F. Andrijašević,27,https://cdn.sofifa.org/players/4/19/239148.png,Croatia,https://cdn.sofifa.org/flags/10.png,71,72,KAA Gent,https://cdn.sofifa.org/teams/2/light/674.png,€2.7M,€13K,1900,Right,1,3,3,High/ Medium,Normal,No,CAM,23,1-Jul-17,,2022,6'1,181lbs,71,71,71,69,71,71,71,69,70,70,70,69,68,68,68,69,62,63,63,63,62,61,61,61,61,61,56,70,74,71,68,71,69,61,65,73,68,72,53,67,48,74,69,74,73,69,69,46,74,71,71,70,51,60,57,11,14,11,9,11,€4.3M,
52,244268,I. Fiolić,22,https://cdn.sofifa.org/players/4/19/244268.png,Croatia,https://cdn.sofifa.org/flags/10.png,71,78,KRC Genk,https://cdn.sofifa.org/teams/2/light/673.png,€3.3M,€9K,1655,Left,1,3,3,Medium/ Medium,Lean,No,CAM,20,28-Aug-18,,2022,5'9,154lbs,62,62,62,70,68,68,68,70,70,70,70,69,65,65,65,69,57,54,54,54,57,54,45,45,45,54,69,62,32,71,53,71,42,42,66,73,81,73,77,73,74,57,48,50,51,65,38,36,66,68,43,71,40,42,41,14,7,14,6,10,€5.7M,
53,215455,B. Petković,23,https://cdn.sofifa.org/players/4/19/215455.png,Croatia,https://cdn.sofifa.org/flags/10.png,71,76,Dinamo Zagreb,https://cdn.sofifa.org/teams/2/light/211.png,€3.2M,€1K,1691,Right,1,3,3,High/ High,Normal,No,ST,21,6-Aug-18,,2023,6'4,194lbs,70,70,70,65,69,69,69,65,69,69,69,65,64,64,64,65,44,50,50,50,44,41,45,45,45,41,42,75,74,72,60,76,70,74,66,80,33,66,66,60,34,72,54,58,90,50,58,11,65,72,80,69,36,24,14,11,15,9,14,10,€7.3M,
54,212130,M. Maloča,29,https://cdn.sofifa.org/players/4/19/212130.png,Croatia,https://cdn.sofifa.org/flags/10.png,71,71,SpVgg Greuther Fürth,https://cdn.sofifa.org/teams/2/light/165.png,€1.8M,€7K,1544,Right,1,2,2,Medium/ High,Normal,No,RCB,22,15-May-18,,2020,6'3,183lbs,47,47,47,44,42,42,42,44,41,41,41,45,45,45,45,45,61,60,60,60,61,64,70,70,70,64,49,40,74,52,23,30,13,36,36,42,65,71,61,66,69,40,74,71,83,27,78,69,25,31,52,70,72,72,66,9,15,14,9,10,€2.9M,
55,244204,N. Katić,21,https://cdn.sofifa.org/players/4/19/244204.png,Croatia,https://cdn.sofifa.org/flags/10.png,71,83,Rangers FC,https://cdn.sofifa.org/teams/2/light/86.png,€3.8M,€20K,1568,Right,1,2,2,Medium/ High,Normal,No,CB,19,12-Jun-18,,2022,6'4,176lbs,49,49,49,49,49,49,49,49,50,50,50,52,54,54,54,52,62,64,64,64,62,64,70,70,70,64,29,27,69,60,26,56,27,26,56,61,73,72,57,63,56,43,76,68,78,37,77,68,28,35,33,67,67,72,73,9,7,12,14,13,€7.5M,
56,241670,F. Bradarić,26,https://cdn.sofifa.org/players/4/19/241670.png,Croatia,https://cdn.sofifa.org/flags/10.png,70,74,Cagliari,https://cdn.sofifa.org/teams/2/light/1842.png,€1.9M,€15K,1785,Right,1,3,2,Low/ High,Lean,No,CM,6,7-Aug-18,,2023,6'1,170lbs,58,58,58,61,61,61,61,61,64,64,64,63,67,67,67,63,66,69,69,69,66,66,67,67,67,66,57,45,64,77,59,61,58,40,75,73,66,64,62,62,67,62,65,66,67,63,64,64,43,64,44,63,65,73,70,7,8,10,11,9,€3.4M,
57,241673,B. Barišić,25,https://cdn.sofifa.org/players/4/19/241673.png,Croatia,https://cdn.sofifa.org/flags/10.png,70,73,Rangers FC,https://cdn.sofifa.org/teams/2/light/86.png,€1.8M,€23K,1808,Left,1,3,3,High/ High,Lean,No,LB,31,7-Aug-18,,2022,6'1,176lbs,61,61,61,64,62,62,62,64,63,63,63,66,64,64,64,66,69,67,67,67,69,69,68,68,68,69,76,45,70,69,37,66,70,31,67,70,73,75,61,59,70,64,69,71,75,42,69,63,63,59,38,65,65,71,72,12,13,6,8,9,€3.4M,
58,216351,D. Antolić,28,https://cdn.sofifa.org/players/4/19/216351.png,Croatia,https://cdn.sofifa.org/flags/10.png,70,70,Legia Warszawa,https://cdn.sofifa.org/teams/2/light/1871.png,€1.8M,€7K,1874,Right,1,3,3,Medium/ Medium,Normal,No,CM,7,1-Feb-18,,2020,5'11,161lbs,66,66,66,67,67,67,67,67,68,68,68,67,68,68,68,67,61,63,63,63,61,60,59,59,59,60,70,63,63,73,66,68,67,72,71,71,57,60,65,68,67,74,48,62,60,70,73,47,67,73,72,70,52,62,54,13,14,12,12,8,€2.5M,
59,244270,N. Moro,20,https://cdn.sofifa.org/players/4/19/244270.png,Croatia,https://cdn.sofifa.org/flags/10.png,70,81,Dinamo Zagreb,https://cdn.sofifa.org/teams/2/light/211.png,€2.7M,€1K,1798,Right,1,3,3,Medium/ Medium,Normal,No,CDM,27,21-Nov-16,,2022,6'0,170lbs,61,61,61,67,66,66,66,67,69,69,69,68,71,71,71,68,67,69,69,69,67,66,62,62,62,66,58,57,37,76,49,75,55,67,80,73,73,68,57,72,56,68,47,59,63,63,59,73,47,74,49,61,56,64,71,9,9,10,13,11,€6.5M,
60,235874,A. Balić,20,https://cdn.sofifa.org/players/4/19/235874.png,Croatia,https://cdn.sofifa.org/flags/10.png,70,77,Udinese,https://cdn.sofifa.org/teams/2/light/55.png,€2.5M,€11K,1755,Right,1,3,3,Medium/ Medium,Lean,No,CM,99,1-Feb-16,,2020,5'11,154lbs,60,60,60,66,65,65,65,66,68,68,68,67,69,69,69,67,62,63,63,63,62,60,55,55,55,60,68,50,50,76,58,74,66,60,76,78,63,52,68,60,66,66,50,62,55,68,48,54,58,70,45,68,51,57,58,5,6,14,11,12,€5M,
61,234873,M. Pajač,25,https://cdn.sofifa.org/players/4/19/234873.png,Croatia,https://cdn.sofifa.org/flags/10.png,70,72,Cagliari,https://cdn.sofifa.org/teams/2/light/1842.png,€2.2M,€16K,1849,Left,1,2,3,Medium/ High,Normal,No,LM,2,1-Jul-16,,2021,6'1,152lbs,66,66,66,68,68,68,68,68,68,68,68,69,67,67,67,69,66,65,65,65,66,65,61,61,61,65,66,64,59,72,54,72,65,68,71,68,76,78,67,69,55,70,55,69,60,70,68,62,62,62,53,65,51,62,62,6,10,6,7,10,€3.9M,
62,208269,M. Budimir,32,https://cdn.sofifa.org/players/4/19/208269.png,Croatia,https://cdn.sofifa.org/flags/10.png,70,70,Dinamo Zagreb,https://cdn.sofifa.org/teams/2/light/211.png,€1.4M,€1K,1520,Right,1,3,2,Medium/ Low,Stocky,No,ST,9,30-Apr-18,,2019,6'4,218lbs,68,68,68,56,61,61,61,56,54,54,54,52,45,45,45,52,39,39,39,39,39,39,45,45,45,39,30,74,78,38,55,52,36,35,23,62,64,72,49,53,42,76,71,52,92,68,62,25,77,44,55,72,38,19,17,15,9,16,14,7,€3.1M,
63,188335,A. Budimir,26,https://cdn.sofifa.org/players/4/19/188335.png,Croatia,https://cdn.sofifa.org/flags/10.png,70,70,Crotone,https://cdn.sofifa.org/teams/2/light/110734.png,€1.9M,€3K,1567,Left,2,4,3,Medium/ High,Lean,No,RS,17,1-Jul-18,,2020,6'3,165lbs,69,69,69,61,64,64,64,61,60,60,60,59,53,53,53,59,48,45,45,45,48,46,45,45,45,46,41,75,73,58,66,65,44,31,30,69,52,68,59,66,43,70,36,71,76,64,55,24,72,39,65,68,29,35,27,11,14,8,16,15,€3.1M,
64,193250,M. Leovac,29,https://cdn.sofifa.org/players/4/19/193250.png,Croatia,https://cdn.sofifa.org/flags/10.png,70,70,Dinamo Zagreb,https://cdn.sofifa.org/teams/2/light/211.png,€1.3M,€1K,1836,Left,1,3,3,Medium/ Medium,Lean,No,LB,22,1-Jul-18,,2020,5'11,157lbs,59,59,59,63,61,61,61,63,61,61,61,65,63,63,63,65,69,67,67,67,69,69,68,68,68,69,73,33,57,66,39,69,71,55,68,68,78,76,70,68,68,70,71,69,73,56,74,66,58,48,33,66,68,70,71,6,11,11,13,9,€3M,
65,238370,M. Pongračić,20,https://cdn.sofifa.org/players/4/19/238370.png,Croatia,https://cdn.sofifa.org/flags/10.png,69,82,FC Red Bull Salzburg,https://cdn.sofifa.org/teams/2/light/191.png,€1.8M,€10K,1509,Right,1,3,2,Medium/ Medium,Normal,No,CB,34,1-Jul-17,,2022,6'2,187lbs,47,47,47,50,50,50,50,50,53,53,53,53,57,57,57,53,60,65,65,65,60,62,68,68,68,62,27,18,68,62,20,62,28,25,59,62,59,69,65,66,46,40,67,68,83,22,70,65,28,59,30,63,65,70,67,6,6,14,8,5,€3.8M,
66,244271,I. Šunjić,21,https://cdn.sofifa.org/players/4/19/244271.png,Croatia,https://cdn.sofifa.org/flags/10.png,69,76,Dinamo Zagreb,https://cdn.sofifa.org/teams/2/light/211.png,€1.3M,€1K,1684,Right,1,3,2,Medium/ Medium,Lean,No,CDM,34,11-Feb-18,,2023,6'0,165lbs,58,58,58,59,59,59,59,59,61,61,61,61,64,64,64,61,64,67,67,67,64,65,65,65,65,65,49,51,63,70,43,59,31,38,66,68,61,62,59,63,57,59,54,71,72,49,62,76,48,66,43,57,58,66,67,9,9,13,11,11,€3.1M,
67,241297,G. Milović,29,https://cdn.sofifa.org/players/4/19/241297.png,Croatia,https://cdn.sofifa.org/flags/10.png,69,69,KV Oostende,https://cdn.sofifa.org/teams/2/light/682.png,€825K,€7K,1389,Right,1,3,2,Medium/ Medium,Normal,No,RCB,5,1-Jul-18,,2020,6'5,203lbs,45,45,45,43,43,43,43,43,42,42,42,44,44,44,44,44,55,57,57,57,55,58,67,67,67,58,28,30,66,41,24,53,30,30,26,60,48,63,46,58,36,35,58,55,90,26,70,69,23,30,39,56,71,67,65,14,11,9,13,5,€1.2M,
68,220051,M. Miloš,25,https://cdn.sofifa.org/players/4/19/220051.png,Croatia,https://cdn.sofifa.org/flags/10.png,69,72,CD Aves,https://cdn.sofifa.org/teams/2/light/666.png,€1.1M,€5K,1833,Right,1,4,3,High/ Medium,Lean,No,RB,22,31-Aug-18,,2022,5'9,154lbs,59,59,59,64,62,62,62,64,63,63,63,65,63,63,63,65,68,65,65,65,68,67,64,64,64,67,67,43,58,66,45,69,65,48,59,70,75,76,77,65,75,63,60,75,65,61,68,65,53,55,58,63,64,65,67,16,8,15,8,9,€2.4M,
69,242079,K. Bistrović,20,https://cdn.sofifa.org/players/4/19/242079.png,Croatia,https://cdn.sofifa.org/flags/10.png,69,82,PFC CSKA Moscow,https://cdn.sofifa.org/teams/2/light/315.png,€1.8M,€1K,1752,Right,1,3,3,Medium/ Medium,Normal,No,CDM,25,12-Jan-18,,2022,6'0,165lbs,59,59,59,60,62,62,62,60,64,64,64,62,66,66,66,62,65,68,68,68,65,66,66,66,66,66,43,55,62,74,64,64,47,47,69,66,64,69,54,68,61,66,57,67,59,53,65,63,40,73,49,60,70,72,71,10,7,6,7,10,€5.1M,
70,243388,B. Sosa,20,https://cdn.sofifa.org/players/4/19/243388.png,Croatia,https://cdn.sofifa.org/flags/10.png,69,80,VfB Stuttgart,https://cdn.sofifa.org/teams/2/light/36.png,€1.6M,€10K,1659,Left,1,3,3,High/ Medium,Normal,No,LB,24,1-Jul-18,,2023,6'1,170lbs,53,53,53,60,56,56,56,60,59,59,59,63,61,61,61,63,68,65,65,65,68,68,65,65,65,68,73,29,65,71,30,67,57,29,63,71,77,75,73,66,66,41,64,67,69,26,60,63,41,49,31,59,64,67,66,10,6,6,8,9,€3M,
71,229317,M. Bašić,30,https://cdn.sofifa.org/players/4/19/229317.png,Croatia,https://cdn.sofifa.org/flags/10.png,69,69,Grasshopper Club Zürich,https://cdn.sofifa.org/teams/2/light/322.png,€775K,€7K,1792,Right,1,3,2,Medium/ High,Lean,No,CDM,8,1-Jul-15,,2018,6'2,181lbs,57,57,57,59,58,58,58,59,60,60,60,62,63,63,63,62,67,67,67,67,67,68,70,70,70,68,58,33,78,64,30,58,60,40,60,60,68,73,73,69,55,53,90,81,78,32,62,78,63,67,61,68,64,67,66,12,12,10,12,5,€1.1M,
72,231950,V. Jugović,28,https://cdn.sofifa.org/players/4/19/231950.png,Croatia,https://cdn.sofifa.org/flags/10.png,68,68,Jeonnam Dragons,https://cdn.sofifa.org/teams/2/light/1475.png,€900K,€4K,1855,Right,1,4,3,High/ Medium,Normal,No,CM,8,6-Jan-17,,2020,5'10,152lbs,65,65,65,66,67,67,67,66,67,67,67,67,67,67,67,67,64,65,65,65,64,64,62,62,62,64,55,64,55,70,46,66,44,55,64,69,75,71,72,66,70,65,84,75,64,63,64,60,68,68,63,58,65,60,58,9,10,10,14,13,€1.1M,
73,245275,T. Bašić,21,https://cdn.sofifa.org/players/4/19/245275.png,Croatia,https://cdn.sofifa.org/flags/10.png,68,77,FC Girondins de Bordeaux,https://cdn.sofifa.org/teams/2/light/59.png,€1.4M,€11K,1783,Left,1,3,2,High/ Medium,Lean,No,CM,26,8-Aug-18,,2022,6'2,181lbs,62,62,62,63,64,64,64,63,65,65,65,63,67,67,67,63,64,67,67,67,64,64,65,65,65,64,54,48,59,73,59,64,49,62,70,73,57,64,58,66,59,67,60,55,68,59,64,61,66,65,49,49,62,71,69,13,10,11,11,7,€2.9M,
74,244258,D. Zagorac,31,https://cdn.sofifa.org/players/4/19/244258.png,Croatia,https://cdn.sofifa.org/flags/10.png,68,68,Dinamo Zagreb,https://cdn.sofifa.org/teams/2/light/211.png,€550K,€1K,945,Right,1,2,1,Medium/ Medium,Normal,No,GK,1,11-Jul-16,,2020,6'1,176lbs,,,,,,,,,,,,,,,,,,,,,,,,,,,11,10,11,19,9,18,10,15,29,16,21,32,26,62,32,14,47,21,34,8,21,16,17,54,17,28,14,13,12,66,69,65,67,69,€1.2M,
75,223272,I. Močinić,25,https://cdn.sofifa.org/players/4/19/223272.png,Croatia,https://cdn.sofifa.org/flags/10.png,68,75,SK Rapid Wien,https://cdn.sofifa.org/teams/2/light/254.png,€1.1M,€7K,1767,Right,1,4,2,Low/ Medium,Lean,No,CDM,26,26-Jul-16,,2020,5'11,159lbs,59,59,59,63,62,62,62,63,64,64,64,64,65,65,65,64,66,66,66,66,66,66,64,64,64,66,60,51,59,63,42,61,42,44,62,65,75,65,72,73,65,52,69,71,56,56,76,79,57,72,47,69,58,62,61,7,14,6,14,11,€1.8M,
76,177491,Eduardo da Silva,35,https://cdn.sofifa.org/players/4/19/177491.png,Croatia,https://cdn.sofifa.org/flags/10.png,68,68,Legia Warszawa,https://cdn.sofifa.org/teams/2/light/1871.png,€400K,€4K,1712,Left,2,3,3,Low/ Low,Normal,Yes,ST,9,1-Feb-18,,2018,5'10,159lbs,67,67,67,67,67,67,67,67,67,67,67,66,61,61,61,66,49,47,47,47,49,46,41,41,41,46,64,69,71,68,67,69,67,60,58,71,69,67,74,57,73,65,69,53,67,64,20,34,68,68,75,68,24,26,20,14,7,6,12,16,€560K,
77,244648,M. Barać,23,https://cdn.sofifa.org/players/4/19/244648.png,Croatia,https://cdn.sofifa.org/flags/10.png,68,71,SK Rapid Wien,https://cdn.sofifa.org/teams/2/light/254.png,€950K,€6K,1600,Right,1,3,2,Medium/ Medium,Normal,No,LCB,4,12-Jul-18,,2021,6'3,198lbs,54,54,54,51,52,52,52,51,51,51,51,53,56,56,56,53,61,63,63,63,61,63,67,67,67,63,51,32,71,58,46,53,52,40,62,61,66,55,36,67,37,68,48,67,90,58,65,65,36,37,42,64,62,66,68,6,5,14,7,9,€1.5M,
78,221376,A. Puljić,30,https://cdn.sofifa.org/players/4/19/221376.png,Croatia,https://cdn.sofifa.org/flags/10.png,68,68,Al Faisaly,https://cdn.sofifa.org/teams/2/light/112389.png,€675K,€9K,1545,Right,1,3,2,Medium/ Medium,Normal,No,CB,66,13-Aug-18,,2019,6'2,174lbs,51,51,51,46,47,47,47,46,47,47,47,48,51,51,51,48,59,61,61,61,59,62,67,67,67,62,47,37,72,57,30,32,25,28,52,54,63,52,56,64,57,61,73,64,73,40,71,65,38,39,37,73,65,71,68,12,7,16,10,9,€1.1M,
79,237594,L. Šimić,21,https://cdn.sofifa.org/players/4/19/237594.png,Croatia,https://cdn.sofifa.org/flags/10.png,67,76,SPAL,https://cdn.sofifa.org/teams/2/light/112791.png,€1M,€7K,1428,Right,1,2,2,Low/ High,Normal,No,CB,5,,Sampdoria,30-Jun-19,6'5,196lbs,46,46,46,41,42,42,42,41,41,41,41,43,45,45,45,43,55,57,57,57,55,58,65,65,65,58,38,30,72,52,34,39,35,37,43,46,52,51,38,60,52,47,70,54,77,24,58,62,33,32,40,64,66,70,70,11,10,9,7,9,,
80,244274,A. Šemper,20,https://cdn.sofifa.org/players/4/19/244274.png,Croatia,https://cdn.sofifa.org/flags/10.png,67,80,Chievo Verona,https://cdn.sofifa.org/teams/2/light/192.png,€1.2M,€3K,916,Right,1,2,1,Medium/ Medium,Normal,No,GK,1,1-Jul-16,,2022,6'4,201lbs,,,,,,,,,,,,,,,,,,,,,,,,,,,14,15,12,23,9,12,12,13,24,15,19,19,21,64,22,18,31,21,47,13,26,11,9,63,15,21,13,12,15,71,63,61,68,65,€2.8M,
81,211671,J. Radošević,24,https://cdn.sofifa.org/players/4/19/211671.png,Croatia,https://cdn.sofifa.org/flags/10.png,67,73,Brøndby IF,https://cdn.sofifa.org/teams/2/light/269.png,€900K,€7K,1745,Right,1,3,2,Medium/ Medium,Stocky,No,CDM,22,27-Jul-18,,2022,5'11,163lbs,59,59,59,55,57,57,57,55,58,58,58,56,61,61,61,56,60,65,65,65,60,62,66,66,66,62,38,55,60,66,48,49,52,63,63,61,54,65,62,60,71,70,64,70,74,56,73,69,52,60,45,50,63,70,62,13,6,9,10,12,€1.4M,
82,195356,M. Delač,25,https://cdn.sofifa.org/players/4/19/195356.png,Croatia,https://cdn.sofifa.org/flags/10.png,66,69,AC Horsens,https://cdn.sofifa.org/teams/2/light/1446.png,€575K,€3K,1026,Right,1,2,1,Medium/ Medium,Normal,No,GK,1,1-Jul-18,,2023,6'3,176lbs,,,,,,,,,,,,,,,,,,,,,,,,,,,18,14,13,18,15,15,15,15,25,19,30,33,38,53,39,20,58,28,65,14,30,13,12,33,18,50,20,13,12,67,67,63,65,68,€762K,
83,221985,N. Datković,25,https://cdn.sofifa.org/players/4/19/221985.png,Croatia,https://cdn.sofifa.org/flags/10.png,66,71,Cracovia,https://cdn.sofifa.org/teams/2/light/110747.png,€725K,€2K,1267,Right,1,2,2,Medium/ Medium,Normal,No,LCB,20,1-Feb-18,,2020,6'3,185lbs,37,37,37,33,33,33,33,33,34,34,34,37,41,41,41,37,53,56,56,56,53,57,64,64,64,57,23,15,70,57,15,28,12,21,46,34,53,52,53,59,48,29,72,69,85,13,61,64,17,14,19,59,55,70,68,11,6,6,10,12,€1M,
84,244273,B. Knežević,21,https://cdn.sofifa.org/players/4/19/244273.png,Croatia,https://cdn.sofifa.org/flags/10.png,66,71,Dinamo Zagreb,https://cdn.sofifa.org/teams/2/light/211.png,€750K,€1K,1679,Right,1,4,3,Medium/ Medium,Normal,No,CDM,97,15-Jul-14,,2022,5'10,165lbs,60,60,60,62,63,63,63,62,64,64,64,64,66,66,66,64,64,65,65,65,64,63,61,61,61,63,50,47,55,74,39,66,46,42,69,74,66,71,61,66,58,59,49,70,65,46,65,63,58,61,38,56,55,55,65,12,6,8,12,8,€1.7M,
85,216709,A. Sušac,29,https://cdn.sofifa.org/players/4/19/216709.png,Croatia,https://cdn.sofifa.org/flags/10.png,66,66,VfL Osnabrück,https://cdn.sofifa.org/teams/2/light/487.png,€500K,€2K,1485,Right,1,3,2,Medium/ Medium,Normal,No,RCB,17,10-Aug-17,,2019,6'1,176lbs,47,47,47,43,43,43,43,43,42,42,42,45,47,47,47,45,55,58,58,58,55,58,65,65,65,58,30,38,66,40,17,40,18,28,55,43,60,64,57,64,66,50,72,66,78,25,69,67,34,37,47,70,64,68,66,11,12,12,11,10,€725K,
86,244377,T. Borevković,21,https://cdn.sofifa.org/players/4/19/244377.png,Croatia,https://cdn.sofifa.org/flags/10.png,66,75,Rio Ave FC,https://cdn.sofifa.org/teams/2/light/744.png,€875K,€2K,1395,Right,1,3,2,Medium/ Medium,Normal,No,RCB,6,1-Jul-18,,2023,6'4,190lbs,44,44,44,40,41,41,41,40,40,40,40,43,45,45,45,43,55,57,57,57,55,58,65,65,65,58,31,26,65,58,31,41,34,30,35,44,50,60,31,57,39,40,61,64,85,28,65,59,27,28,44,58,66,70,65,15,14,13,9,10,€2M,
87,141265,M. Mikić,38,https://cdn.sofifa.org/players/4/19/141265.png,Croatia,https://cdn.sofifa.org/flags/10.png,66,66,Shonan Bellmare,https://cdn.sofifa.org/teams/2/light/113161.png,€220K,€1K,1750,Right,1,3,3,High/ Medium,Lean,No,RM,41,29-Dec-17,,2022,5'10,150lbs,59,59,59,65,63,63,63,65,65,65,65,65,63,63,63,65,60,59,59,59,60,58,54,54,54,58,70,49,39,68,55,71,68,57,65,67,63,65,74,63,67,64,48,54,61,59,55,56,65,67,59,60,50,52,57,15,8,16,14,9,€275K,
88,236273,K. Bartolec,23,https://cdn.sofifa.org/players/4/19/236273.png,Croatia,https://cdn.sofifa.org/flags/10.png,66,74,FC Nordsjælland,https://cdn.sofifa.org/teams/2/light/1788.png,€800K,€4K,1767,Right,1,3,3,Medium/ Medium,Normal,No,RWB,2,28-Aug-16,,2020,5'9,172lbs,60,60,60,65,63,63,63,65,63,63,63,66,63,63,63,66,66,63,63,63,66,65,60,60,60,65,63,53,45,64,43,66,54,35,60,67,80,80,79,59,75,57,64,81,63,57,59,60,66,58,38,64,63,64,61,5,10,13,11,14,€1.2M,
89,243956,J. Vuković,26,https://cdn.sofifa.org/players/4/19/243956.png,Croatia,https://cdn.sofifa.org/flags/10.png,66,69,Clube Sport Marítimo,https://cdn.sofifa.org/teams/2/light/1893.png,€675K,€3K,1604,Right,1,2,2,Medium/ Medium,Normal,No,CDM,44,1-Jul-18,,2021,6'1,168lbs,52,52,52,59,57,57,57,59,60,60,60,61,63,63,63,61,62,64,64,64,62,61,62,62,62,61,61,38,55,69,34,69,41,39,68,68,58,55,59,67,56,44,58,60,64,41,68,63,41,65,41,65,60,63,58,11,7,8,6,9,€1.5M,
90,229657,D. Mikanović,24,https://cdn.sofifa.org/players/4/19/229657.png,Croatia,https://cdn.sofifa.org/flags/10.png,65,71,Aarhus GF,https://cdn.sofifa.org/teams/2/light/271.png,€625K,€3K,1693,Right,1,3,2,High/ Medium,Normal,No,RB,2,15-Jul-15,,2019,5'9,159lbs,53,53,53,59,56,56,56,59,56,56,56,61,56,56,56,61,64,60,60,60,64,64,60,60,60,64,60,41,47,57,33,61,52,41,52,64,85,86,76,57,76,43,71,79,61,33,74,59,54,44,40,57,60,63,61,14,13,13,14,9,€906K,
91,235546,A. Krešić,22,https://cdn.sofifa.org/players/4/19/235546.png,Croatia,https://cdn.sofifa.org/flags/10.png,65,75,US Cremonese,https://cdn.sofifa.org/teams/2/light/111434.png,€750K,€5K,1401,Right,1,3,2,Low/ High,Lean,No,CB,5,,Atalanta,30-Jun-19,6'6,183lbs,45,45,45,39,40,40,40,39,39,39,39,40,42,42,42,40,53,54,54,54,53,56,64,64,64,56,28,41,64,43,35,31,35,30,29,42,59,56,46,52,31,41,73,65,82,28,64,65,34,32,43,58,61,70,65,12,11,7,14,12,,
92,224046,T. Božić,30,https://cdn.sofifa.org/players/4/19/224046.png,Croatia,https://cdn.sofifa.org/flags/10.png,65,65,Miedź Legnica,https://cdn.sofifa.org/teams/2/light/112505.png,€400K,€1K,1431,Right,1,3,2,Medium/ High,Normal,No,CB,24,1-Jul-17,,2020,6'0,170lbs,44,44,44,43,42,42,42,43,42,42,42,44,45,45,45,44,55,56,56,56,55,58,63,63,63,58,25,27,66,46,32,44,25,27,42,46,68,66,74,58,60,34,72,63,71,20,60,65,29,34,37,47,66,65,67,11,9,6,8,8,€540K,
93,243946,A. Erceg,28,https://cdn.sofifa.org/players/4/19/243946.png,Croatia,https://cdn.sofifa.org/flags/10.png,65,65,Brøndby IF,https://cdn.sofifa.org/teams/2/light/269.png,€550K,€8K,1563,Right,1,3,3,High/ High,Normal,No,LS,50,1-Jul-18,,2022,5'11,168lbs,64,64,64,61,63,63,63,61,62,62,62,61,56,56,56,61,45,46,46,46,45,43,42,42,42,43,38,67,61,61,53,64,39,32,57,69,70,73,64,57,67,61,61,67,65,59,65,19,64,52,56,61,41,19,18,6,12,5,12,9,€715K,
94,223224,M. Jakoliš,21,https://cdn.sofifa.org/players/4/19/223224.png,Croatia,https://cdn.sofifa.org/flags/10.png,65,72,FC Admira Wacker Mödling,https://cdn.sofifa.org/teams/2/light/111821.png,€775K,€3K,1522,Right,1,3,2,Medium/ Medium,Normal,No,LW,44,12-Jul-17,,2019,6'0,170lbs,63,63,63,64,63,63,63,64,62,62,62,61,54,54,54,61,43,38,38,38,43,40,35,35,35,40,65,66,64,62,59,66,45,43,42,61,65,69,71,65,68,62,67,44,63,60,33,12,62,62,54,60,14,19,13,12,8,11,6,9,€1.3M,
95,185118,M. Perdijić,36,https://cdn.sofifa.org/players/4/19/185118.png,Croatia,https://cdn.sofifa.org/flags/10.png,64,64,Zagłębie Sosnowiec,https://cdn.sofifa.org/teams/2/light/111089.png,€60K,€1K,1107,Right,1,2,1,Medium/ Medium,Stocky,No,GK,23,1-Jul-17,,2019,6'5,207lbs,,,,,,,,,,,,,,,,,,,,,,,,,,,17,11,20,33,11,11,15,14,32,24,42,41,52,55,32,20,68,38,61,16,30,26,13,18,27,54,25,18,17,66,64,62,65,63,€81K,
96,244272,D. Perić,23,https://cdn.sofifa.org/players/4/19/244272.png,Croatia,https://cdn.sofifa.org/flags/10.png,64,69,Dinamo Zagreb,https://cdn.sofifa.org/teams/2/light/211.png,€500K,€1K,1284,Left,1,3,2,Medium/ Medium,Lean,No,CB,55,7-Jul-17,,2022,6'6,185lbs,39,39,39,33,34,34,34,33,32,32,32,34,35,35,35,34,48,51,51,51,48,52,63,63,63,52,21,24,67,39,25,26,21,21,29,31,58,59,47,45,41,40,65,55,88,23,72,63,27,24,32,55,65,62,61,14,9,12,11,7,€1.1M,
97,240466,M. Ćosić,24,https://cdn.sofifa.org/players/4/19/240466.png,Croatia,https://cdn.sofifa.org/flags/10.png,64,68,FK Haugesund,https://cdn.sofifa.org/teams/2/light/1463.png,€500K,€1K,1412,Left,1,3,2,Medium/ Medium,Normal,No,CB,5,3-Aug-17,,2020,6'3,194lbs,47,47,47,43,45,45,45,43,46,46,46,45,50,50,50,45,54,59,59,59,54,55,62,62,62,55,29,32,63,57,29,43,30,25,49,53,47,53,46,59,41,55,65,62,82,37,66,64,28,43,36,60,55,66,57,7,10,11,7,5,€663K,
98,239189,D. Lovren,19,https://cdn.sofifa.org/players/4/19/239189.png,Croatia,https://cdn.sofifa.org/flags/10.png,64,81,Fortuna Düsseldorf,https://cdn.sofifa.org/teams/2/light/110636.png,€975K,€3K,1496,Left,1,3,3,Medium/ Medium,Lean,No,RM,19,11-Jul-18,,2023,5'8,154lbs,57,57,57,63,61,61,61,63,61,61,61,62,54,54,54,62,47,42,42,42,47,44,33,33,33,44,60,55,33,59,45,69,58,34,48,65,78,77,79,58,83,59,35,55,43,48,33,20,62,58,47,49,24,27,24,11,12,13,14,10,€2.4M,
99,239962,I. Jukić,22,https://cdn.sofifa.org/players/4/19/239962.png,Croatia,https://cdn.sofifa.org/flags/10.png,64,70,Korona Kielce,https://cdn.sofifa.org/teams/2/light/111083.png,€625K,€1K,1515,Right,1,3,3,High/ Medium,Lean,No,LM,10,8-Jul-17,,2019,5'9,152lbs,58,58,58,62,61,61,61,62,61,61,61,63,57,57,57,63,49,45,45,45,49,46,36,36,36,46,58,62,36,66,44,63,39,35,63,62,75,77,73,53,73,59,48,67,50,54,27,23,60,55,57,60,40,22,25,12,8,11,8,10,€969K,
100,234635,N. Jambor,22,https://cdn.sofifa.org/players/4/19/234635.png,Croatia,https://cdn.sofifa.org/flags/10.png,64,72,Rio Ave FC,https://cdn.sofifa.org/teams/2/light/744.png,€650K,€2K,1688,Left,1,4,2,Medium/ High,Lean,No,CM,23,7-Jul-18,,2023,6'2,168lbs,55,55,55,59,58,58,58,59,60,60,60,61,62,62,62,61,63,64,64,64,63,62,62,62,62,62,55,31,57,69,52,68,43,45,65,67,64,69,62,63,54,65,63,67,70,52,66,62,47,58,40,67,59,65,57,7,5,13,13,15,€1.5M,
101,219561,A. Čulina,26,https://cdn.sofifa.org/players/4/19/219561.png,Croatia,https://cdn.sofifa.org/flags/10.png,64,64,Cracovia,https://cdn.sofifa.org/teams/2/light/110747.png,€475K,€2K,1625,Left,1,3,3,High/ Low,Lean,No,LM,7,1-Feb-18,,2020,6'0,170lbs,61,61,61,64,63,63,63,64,62,62,62,63,57,57,57,63,54,51,51,51,54,51,45,45,45,51,57,68,35,57,50,70,57,49,49,68,74,75,65,61,61,64,52,72,65,66,49,41,53,53,56,61,56,29,26,13,7,14,7,6,€641K,
102,239179,Z. Arsenić,24,https://cdn.sofifa.org/players/4/19/239179.png,Croatia,https://cdn.sofifa.org/flags/10.png,63,70,Wisła Kraków,https://cdn.sofifa.org/teams/2/light/1873.png,€450K,€1K,1534,Right,1,3,2,High/ Medium,Lean,No,CB,15,20-Jun-17,,2022,6'2,165lbs,49,49,49,49,48,48,48,49,47,47,47,51,50,50,50,51,60,58,58,58,60,60,62,62,62,60,57,32,56,55,42,53,41,37,46,56,60,64,47,48,56,58,73,63,72,35,59,66,38,37,36,62,54,68,69,15,10,12,9,10,€698K,
103,239200,T. Halilović,23,https://cdn.sofifa.org/players/4/19/239200.png,Croatia,https://cdn.sofifa.org/flags/10.png,63,71,Wisła Kraków,https://cdn.sofifa.org/teams/2/light/1873.png,€525K,€2K,1660,Right,1,3,3,Medium/ Medium,Lean,No,CM,8,23-Jun-17,,2019,5'9,154lbs,57,57,57,60,61,61,61,60,63,63,63,62,62,62,62,62,55,56,56,56,55,54,52,52,52,54,48,49,49,72,49,63,58,52,65,66,74,67,53,49,77,55,59,64,66,61,48,36,57,68,46,59,56,50,46,14,11,14,9,9,€814K,
104,228515,K. Lulić,22,https://cdn.sofifa.org/players/4/19/228515.png,Croatia,https://cdn.sofifa.org/flags/10.png,63,70,Waasland-Beveren,https://cdn.sofifa.org/teams/2/light/110913.png,€525K,€2K,1645,Right,1,5,3,Medium/ Medium,Normal,No,CAM,5,1-Jul-18,,2021,6'1,179lbs,61,61,61,61,61,61,61,61,62,62,62,62,59,59,59,62,52,51,51,51,52,51,48,48,48,51,61,58,54,66,51,64,57,51,64,65,62,64,60,58,57,66,60,55,71,56,45,25,60,62,62,65,32,49,48,14,12,14,13,9,€866K,
105,244431,R. Mišlov,30,https://cdn.sofifa.org/players/4/19/244431.png,Croatia,https://cdn.sofifa.org/flags/10.png,63,63,SKN St. Pölten,https://cdn.sofifa.org/teams/2/light/112075.png,€270K,€3K,1646,Right,1,2,2,Medium/ High,Normal,No,RCM,18,1-Jul-18,,2019,6'3,170lbs,55,55,55,53,54,54,54,53,55,55,55,55,58,58,58,55,59,61,61,61,59,59,62,62,62,59,50,48,61,63,46,50,56,45,62,56,54,58,50,61,49,65,52,71,80,62,67,54,41,57,58,53,59,65,62,12,6,12,6,8,€392K,
106,219261,M. Jelavić,24,https://cdn.sofifa.org/players/4/19/219261.png,Croatia,https://cdn.sofifa.org/flags/10.png,62,65,Royal Excel Mouscron,https://cdn.sofifa.org/teams/2/light/111560.png,€400K,€2K,1462,Right,1,4,2,Medium/ Medium,Normal,No,ST,89,31-Jan-18,,2019,6'2,176lbs,60,60,60,59,60,60,60,59,59,59,59,58,54,54,54,58,41,41,41,41,41,38,36,36,36,38,53,61,62,61,36,57,43,32,59,62,58,65,60,57,56,63,59,52,73,61,42,14,61,57,53,55,18,18,13,12,15,7,13,9,€610K,
107,244456,M. Erlic,20,https://cdn.sofifa.org/players/4/19/244456.png,Croatia,https://cdn.sofifa.org/flags/10.png,62,71,Spezia,https://cdn.sofifa.org/teams/2/light/110741.png,€400K,€5K,1333,Right,1,3,2,Medium/ Medium,Normal,No,CB,28,,Sassuolo,30-Jun-19,6'4,172lbs,41,41,41,37,37,37,37,37,36,36,36,38,39,39,39,38,50,51,51,51,50,53,60,60,60,53,31,29,62,35,33,37,32,28,37,35,49,55,42,55,47,42,63,57,77,21,55,58,31,33,49,47,62,67,65,9,9,7,13,8,,
108,212973,M. Marić,22,https://cdn.sofifa.org/players/4/19/212973.png,Croatia,https://cdn.sofifa.org/flags/10.png,62,69,Lillestrøm SK,https://cdn.sofifa.org/teams/2/light/299.png,€325K,€3K,1047,Left,1,3,1,Medium/ Medium,Normal,No,GK,1,,TSG 1899 Hoffenheim,1-Dec-19,6'3,196lbs,,,,,,,,,,,,,,,,,,,,,,,,,,,17,13,15,23,16,19,17,17,20,15,44,41,31,47,53,21,59,18,68,19,24,19,7,40,16,43,19,13,19,63,57,65,66,66,,
109,241191,M. Kolar,23,https://cdn.sofifa.org/players/4/19/241191.png,Croatia,https://cdn.sofifa.org/flags/10.png,61,68,Wisła Kraków,https://cdn.sofifa.org/teams/2/light/1873.png,€350K,€1K,1428,Right,1,3,2,High/ Medium,Normal,No,ST,24,5-Sep-17,,2019,6'1,170lbs,59,59,59,56,57,57,57,56,55,55,55,54,49,49,49,54,40,38,38,38,40,38,36,36,36,38,35,64,62,59,46,59,42,30,38,57,67,66,59,47,58,62,69,63,70,57,34,14,57,46,57,58,24,17,16,13,10,8,13,9,€543K,
110,226107,L. Marić,31,https://cdn.sofifa.org/players/4/19/226107.png,Croatia,https://cdn.sofifa.org/flags/10.png,61,61,Arka Gdynia,https://cdn.sofifa.org/teams/2/light/111082.png,€170K,€1K,1491,Right,1,3,2,Medium/ Medium,Normal,No,RCB,23,7-Jul-18,,2019,6'0,174lbs,44,44,44,46,45,45,45,46,48,48,48,49,52,52,52,49,56,59,59,59,56,57,59,59,59,57,35,24,53,64,33,56,40,63,58,58,58,61,51,57,52,42,55,64,68,35,64,62,18,38,58,53,57,59,57,12,12,7,6,14,€230K,
111,244078,I. Franjic,20,https://cdn.sofifa.org/players/4/19/244078.png,Croatia,https://cdn.sofifa.org/flags/10.png,61,71,Eintracht Braunschweig,https://cdn.sofifa.org/teams/2/light/110500.png,€400K,€1K,1480,Right,1,3,4,Medium/ Medium,Lean,No,CAM,20,1-Jul-18,,2020,6'0,165lbs,55,55,55,59,58,58,58,59,59,59,59,58,55,55,55,58,47,45,45,45,47,44,38,38,38,44,52,46,35,63,38,63,43,35,53,63,69,68,75,56,73,68,55,52,56,60,38,28,53,58,49,59,24,32,30,6,12,14,7,6,€660K,
112,242543,O. Petrak,27,https://cdn.sofifa.org/players/4/19/242543.png,Croatia,https://cdn.sofifa.org/flags/10.png,61,62,Korona Kielce,https://cdn.sofifa.org/teams/2/light/111083.png,€240K,€1K,1561,Right,1,2,2,Medium/ Medium,Normal,No,RDM,13,2-Feb-18,,2020,6'1,183lbs,51,51,51,54,53,53,53,54,55,55,55,56,57,57,57,56,58,59,59,59,58,58,58,58,58,58,57,45,54,63,31,58,40,33,63,59,60,57,58,52,54,50,60,69,69,49,57,55,40,54,45,52,59,60,58,12,6,10,13,11,€342K,
113,234877,F. Buntić,21,https://cdn.sofifa.org/players/4/19/234877.png,Croatia,https://cdn.sofifa.org/flags/10.png,60,70,FC Ingolstadt 04,https://cdn.sofifa.org/teams/2/light/111239.png,€260K,€2K,835,Left,1,2,1,Medium/ Medium,Normal,No,GK,24,1-Jul-16,,2020,6'4,190lbs,,,,,,,,,,,,,,,,,,,,,,,,,,,10,8,14,24,6,6,10,10,22,17,22,27,24,52,23,23,30,19,63,7,28,10,4,27,13,30,14,14,12,62,59,58,58,59,€468K,
114,244419,C. Ilic,21,https://cdn.sofifa.org/players/4/19/244419.png,Croatia,https://cdn.sofifa.org/flags/10.png,60,67,TSV Hartberg,https://cdn.sofifa.org/teams/2/light/2017.png,€250K,€1K,1585,Right,1,5,3,Medium/ Medium,Lean,No,LB,16,1-Sep-14,,2019,5'10,161lbs,52,52,52,57,55,55,55,57,55,55,55,58,55,55,55,58,58,56,56,56,58,58,56,56,56,58,55,41,53,52,33,62,51,46,51,57,75,67,63,62,70,35,61,65,59,40,53,58,57,53,42,47,57,57,54,13,15,7,11,10,€413K,
115,244490,J. Stanic,19,https://cdn.sofifa.org/players/4/19/244490.png,Croatia,https://cdn.sofifa.org/flags/10.png,59,73,FC Augsburg,https://cdn.sofifa.org/teams/2/light/100409.png,€300K,€1K,1264,Right,1,3,2,Medium/ Medium,Lean,No,CB,15,11-Jul-18,,2022,6'2,176lbs,37,37,37,37,36,36,36,37,38,38,38,39,41,41,41,39,50,51,51,51,50,52,58,58,58,52,28,19,55,42,18,36,20,27,36,43,54,53,54,51,56,31,62,52,67,22,56,57,23,39,35,40,60,64,62,7,7,12,9,7,€698K,
116,235800,M. Šverko,20,https://cdn.sofifa.org/players/4/19/235800.png,Croatia,https://cdn.sofifa.org/flags/10.png,59,73,Karlsruher SC,https://cdn.sofifa.org/teams/2/light/1832.png,€300K,€3K,1466,Left,1,3,2,Medium/ Medium,Normal,No,LB,15,,1. FSV Mainz 05,30-Jun-19,6'2,179lbs,46,46,46,50,47,47,47,50,48,48,48,52,50,50,50,52,58,56,56,56,58,58,59,59,59,58,59,20,55,58,23,56,46,39,49,59,65,68,61,56,55,47,47,53,73,28,65,59,33,36,38,43,53,62,55,10,7,12,7,12,,
117,244262,D. Horkaš,19,https://cdn.sofifa.org/players/4/19/244262.png,Croatia,https://cdn.sofifa.org/flags/10.png,59,69,Dinamo Zagreb,https://cdn.sofifa.org/teams/2/light/211.png,€190K,€1K,924,Right,1,2,1,Medium/ Medium,Normal,No,GK,12,16-Jan-17,,2020,6'2,170lbs,,,,,,,,,,,,,,,,,,,,,,,,,,,21,10,13,21,15,11,12,12,26,19,20,27,31,58,33,21,49,26,51,9,25,9,8,54,17,21,18,11,11,58,55,53,57,63,€456K,
118,241969,D. Martinović,21,https://cdn.sofifa.org/players/4/19/241969.png,Croatia,https://cdn.sofifa.org/flags/10.png,59,67,SV Wehen Wiesbaden,https://cdn.sofifa.org/teams/2/light/492.png,€230K,€1K,1394,Right,1,3,2,Medium/ Medium,Normal,No,ST,30,2-Jan-18,,2019,5'10,170lbs,57,57,57,57,58,58,58,57,55,55,55,55,46,46,46,55,41,35,35,35,41,38,33,33,33,38,36,53,52,46,35,67,33,26,27,61,75,79,73,55,71,59,67,62,64,48,32,19,58,44,55,43,19,12,16,9,6,14,14,7,€380K,
119,238610,K. Majić,20,https://cdn.sofifa.org/players/4/19/238610.png,Croatia,https://cdn.sofifa.org/flags/10.png,58,72,Fortuna Düsseldorf,https://cdn.sofifa.org/teams/2/light/110636.png,€280K,€3K,1405,Right,1,3,2,Medium/ Medium,Normal,No,ST,36,1-Jul-17,,2020,5'11,165lbs,56,56,56,53,54,54,54,53,52,52,52,51,45,45,45,51,40,37,37,37,40,39,38,38,38,39,33,61,56,50,40,58,41,33,28,52,65,65,66,51,70,64,67,52,66,51,33,25,51,44,55,43,29,24,23,10,11,10,7,14,€679K,
120,235261,L. Bogdan,22,https://cdn.sofifa.org/players/4/19/235261.png,Croatia,https://cdn.sofifa.org/flags/10.png,58,65,Livorno,https://cdn.sofifa.org/teams/2/light/1844.png,€150K,€1K,1290,Right,1,2,2,Medium/ Medium,Lean,No,CB,26,23-Jul-18,,2023,6'5,168lbs,41,41,41,39,38,38,38,39,40,40,40,40,43,43,43,40,50,53,53,53,50,53,59,59,59,53,27,24,69,56,32,32,31,23,40,48,55,54,58,46,44,31,71,53,69,23,60,57,30,28,36,39,57,60,59,10,6,8,12,6,€525K,
121,244683,K. Kovačević,23,https://cdn.sofifa.org/players/4/19/244683.png,Croatia,https://cdn.sofifa.org/flags/10.png,57,61,TSV Hartberg,https://cdn.sofifa.org/teams/2/light/2017.png,€140K,€1K,1380,Right,1,2,2,Medium/ Low,Normal,No,ST,25,1-Jan-18,,2021,6'2,176lbs,55,55,55,50,51,51,51,50,49,49,49,48,44,44,44,48,38,38,38,38,38,37,39,39,39,37,41,61,60,46,51,45,41,32,35,50,55,54,49,56,50,64,53,54,73,59,68,16,47,47,57,51,31,21,17,6,7,9,12,13,€214K,
122,236413,S. Kulenović,18,https://cdn.sofifa.org/players/4/19/236413.png,Croatia,https://cdn.sofifa.org/flags/10.png,56,75,Legia Warszawa,https://cdn.sofifa.org/teams/2/light/1871.png,€190K,€1K,1349,Right,1,3,2,Medium/ Medium,Normal,No,ST,99,10-Feb-16,,2023,6'2,168lbs,55,55,55,55,55,55,55,55,53,53,53,53,43,43,43,53,38,33,33,33,38,37,32,32,32,37,32,58,54,47,38,57,42,28,29,56,83,80,76,50,53,48,64,51,50,44,27,17,52,45,62,47,24,12,16,8,6,15,14,11,€385K,
123,245002,P. Durin,17,https://cdn.sofifa.org/players/4/19/245002.png,Croatia,https://cdn.sofifa.org/flags/10.png,52,74,Portsmouth,https://cdn.sofifa.org/teams/2/light/1790.png,€90K,€1K,822,Right,1,3,1,Medium/ Medium,Lean,No,GK,56,30-Jul-18,,2020,6'1,176lbs,,,,,,,,,,,,,,,,,,,,,,,,,,,11,7,12,29,8,8,10,10,23,12,25,20,31,36,50,17,50,27,50,9,24,6,7,34,12,35,7,13,13,59,55,51,41,55,€248K,
124,243796,D. Hodzic,22,https://cdn.sofifa.org/players/4/19/243796.png,Croatia,https://cdn.sofifa.org/flags/10.png,51,61,Vejle Boldklub,https://cdn.sofifa.org/teams/2/light/822.png,€50K,€1K,793,Right,1,3,1,Medium/ Medium,Lean,No,GK,31,27-Jul-17,,2018,6'9,176lbs,,,,,,,,,,,,,,,,,,,,,,,,,,,16,7,15,15,10,13,11,13,27,19,17,22,31,34,24,22,33,20,36,9,25,12,10,36,13,30,17,12,11,50,47,56,52,58,€73K,
125,244794,M. Alvir,24,https://cdn.sofifa.org/players/4/19/244794.png,Croatia,https://cdn.sofifa.org/flags/10.png,50,55,SK Slavia Praha,https://cdn.sofifa.org/teams/2/light/266.png,€40K,€1K,1382,Right,1,3,2,High/ High,Normal,No,CM,23,1-Jan-17,,2019,5'11,172lbs,47,47,47,48,48,48,48,48,49,49,49,50,49,49,49,50,47,47,47,47,47,46,45,45,45,46,45,32,43,61,36,44,31,33,52,48,60,65,50,47,62,53,63,55,60,38,52,41,52,47,41,40,34,41,40,13,13,5,15,10,€91K,
